<?xml version = '1.0' encoding = 'UTF-8'?>
<Diagram class="oracle.dbtools.crest.swingui.logical.DPVLogical" name="Logical" id="C4ADB645-D98E-CC3E-9FBF-A8ED9CC01DFE">
<createdBy>pasha</createdBy>
<modifiedBy>pasha</modifiedBy>
<createdTime>2020-05-01 14:16:57 UTC</createdTime>
<autoRoute>false</autoRoute>
<boxInbox>true</boxInbox>
<showLegend>false</showLegend>
<showLabels>false</showLabels>
<showRelAttributes>true</showRelAttributes>
<gridEnabled>false</gridEnabled>
<showGrid>false</showGrid>
<diagramColor>-1</diagramColor>
<display>false</display>
<notation>2</notation>
<objectViews>
<OView class="oracle.dbtools.crest.swingui.logical.TVEntity" oid="07027711-FFB1-8B52-DBA3-4588E4809AC8" otype="Entity" vid="38EA715B-CEE6-D6A6-09A6-1997B032E12F">
<hideElementsInCurrentOnly>false</hideElementsInCurrentOnly>
<bounds x="1038" y="42" width="170" height="62"/>
</OView>
<OView class="oracle.dbtools.crest.swingui.logical.TVEntity" oid="0B24481F-D63C-8911-5C87-61B2D1A98133" otype="Entity" vid="09375BF6-1304-9811-127E-18E61EB8AD1C">
<hideElementsInCurrentOnly>false</hideElementsInCurrentOnly>
<bounds x="304" y="470" width="217" height="110"/>
</OView>
<OView class="oracle.dbtools.crest.swingui.logical.TVEntity" oid="1D099EAF-C86C-EA79-04DD-9C0DCA3FB7A3" otype="Entity" vid="4FEFA450-0838-FD1B-AA81-44697C64CBAE">
<hideElementsInCurrentOnly>false</hideElementsInCurrentOnly>
<bounds x="538" y="62" width="170" height="59"/>
</OView>
<OView class="oracle.dbtools.crest.swingui.logical.TVEntity" oid="2DF47A83-3715-597A-959E-DE1809E9D9C3" otype="Entity" vid="95206EF2-EC83-E73E-E1BE-3A7AD9440522">
<hideElementsInCurrentOnly>false</hideElementsInCurrentOnly>
<bounds x="586" y="309" width="272" height="87"/>
</OView>
<OView class="oracle.dbtools.crest.swingui.logical.TVEntity" oid="2E574D1C-1833-FFC1-97B6-1BCF1B99F303" otype="Entity" vid="A015BDF6-6FCC-D9C3-8EAB-69D840272047">
<hideElementsInCurrentOnly>false</hideElementsInCurrentOnly>
<bounds x="463" y="192" width="166" height="61"/>
</OView>
<OView class="oracle.dbtools.crest.swingui.logical.TVEntity" oid="362E5BD8-5C2C-9354-6BA0-3421F1C42DFF" otype="Entity" vid="BD3A9F67-F3FB-B946-A180-9CBA4C466C74">
<hideElementsInCurrentOnly>false</hideElementsInCurrentOnly>
<bounds x="804" y="47" width="187" height="65"/>
</OView>
<OView class="oracle.dbtools.crest.swingui.logical.TVEntity" oid="39E85B19-5414-F512-E85F-C7CFAF8AC101" otype="Entity" vid="9477E403-A070-AB2B-2530-D23210679B53">
<hideElementsInCurrentOnly>false</hideElementsInCurrentOnly>
<bounds x="566" y="444" width="187" height="139"/>
</OView>
<OView class="oracle.dbtools.crest.swingui.logical.TVEntity" oid="3EFF7098-EA87-AFE0-D17F-1B1182287520" otype="Entity" vid="FDDF740E-339E-AE0C-BD6D-88BEB99B9A4C">
<hideElementsInCurrentOnly>false</hideElementsInCurrentOnly>
<bounds x="54" y="474" width="170" height="110"/>
</OView>
<OView class="oracle.dbtools.crest.swingui.logical.TVEntity" oid="44D0EB8C-E5A1-C7F0-7ACE-B84763CB11FD" otype="Entity" vid="BB2F5B53-5005-A24B-9231-1DE84EE9E9EB">
<hideElementsInCurrentOnly>false</hideElementsInCurrentOnly>
<bounds x="311" y="319" width="170" height="59"/>
</OView>
<OView class="oracle.dbtools.crest.swingui.logical.TVEntity" oid="6346E3CD-B2FA-D4E3-E938-D4F21D0B5937" otype="Entity" vid="A3AEA1FE-3208-8C20-6A02-4CFE74CF52F1">
<hideElementsInCurrentOnly>false</hideElementsInCurrentOnly>
<bounds x="68" y="298" width="170" height="72"/>
</OView>
<OView class="oracle.dbtools.crest.swingui.logical.TVEntity" oid="8D03BFB9-FF16-9ABD-23F5-13B97728D7FB" otype="Entity" vid="6C4D144D-5C7D-17A9-5BDD-EFA752FB4F61">
<hideElementsInCurrentOnly>false</hideElementsInCurrentOnly>
<bounds x="965" y="192" width="270" height="75"/>
</OView>
<OView class="oracle.dbtools.crest.swingui.logical.TVEntity" oid="E1A2DE94-5E5A-F063-E85E-1DDB0280E911" otype="Entity" vid="64C915D0-6698-B5C0-ADC3-EBE734FFB5B0">
<hideElementsInCurrentOnly>false</hideElementsInCurrentOnly>
<bounds x="868" y="467" width="170" height="73"/>
</OView>
<OView class="oracle.dbtools.crest.swingui.logical.TVEntity" oid="FA2A4AB4-542C-1E40-277E-C3D3F871118C" otype="Entity" vid="06C29AE0-B66E-BE4C-0CB1-D2B0BDABD6D3">
<hideElementsInCurrentOnly>false</hideElementsInCurrentOnly>
<bounds x="675" y="192" width="228" height="87"/>
</OView>
</objectViews>
<connectors>
<Connector class="oracle.dbtools.crest.swingui.logical.TVRelation" oid="1AE8B603-AEBA-EA8C-87E1-7ACD72FD44B8" otype="Relation" vid_source="06C29AE0-B66E-BE4C-0CB1-D2B0BDABD6D3" vid_target="95206EF2-EC83-E73E-E1BE-3A7AD9440522">
<hideElementsInCurrentOnly>false</hideElementsInCurrentOnly>
<backgroundColor>-16777216</backgroundColor>
<lineWidth>1</lineWidth>
<points>
<point x="766" y="279"/>
<point x="766" y="309"/>
</points>
</Connector>
<Connector class="oracle.dbtools.crest.swingui.logical.TVRelation" oid="30E09EB3-5133-A5E2-AEF4-A01C0B30A285" otype="Relation" vid_source="BD3A9F67-F3FB-B946-A180-9CBA4C466C74" vid_target="6C4D144D-5C7D-17A9-5BDD-EFA752FB4F61">
<hideElementsInCurrentOnly>false</hideElementsInCurrentOnly>
<backgroundColor>-16777216</backgroundColor>
<lineWidth>1</lineWidth>
<points>
<point x="978" y="112"/>
<point x="978" y="192"/>
</points>
</Connector>
<Connector class="oracle.dbtools.crest.swingui.logical.TVRelation" oid="4ECD605F-ED15-2E38-0406-544B1D10906C" otype="Relation" vid_source="BB2F5B53-5005-A24B-9231-1DE84EE9E9EB" vid_target="A3AEA1FE-3208-8C20-6A02-4CFE74CF52F1">
<hideElementsInCurrentOnly>false</hideElementsInCurrentOnly>
<backgroundColor>-16777216</backgroundColor>
<lineWidth>1</lineWidth>
<points>
<point x="311" y="344"/>
<point x="238" y="344"/>
</points>
</Connector>
<Connector class="oracle.dbtools.crest.swingui.logical.TVRelation" oid="58CCFA27-969D-2810-368A-DB186825FBD6" otype="Relation" vid_source="4FEFA450-0838-FD1B-AA81-44697C64CBAE" vid_target="06C29AE0-B66E-BE4C-0CB1-D2B0BDABD6D3">
<hideElementsInCurrentOnly>false</hideElementsInCurrentOnly>
<backgroundColor>-16777216</backgroundColor>
<lineWidth>1</lineWidth>
<points>
<point x="691" y="121"/>
<point x="691" y="192"/>
</points>
</Connector>
<Connector class="oracle.dbtools.crest.swingui.logical.TVRelation" oid="696F4860-1F44-7217-0A45-5552297697B0" otype="Relation" vid_source="95206EF2-EC83-E73E-E1BE-3A7AD9440522" vid_target="9477E403-A070-AB2B-2530-D23210679B53">
<hideElementsInCurrentOnly>false</hideElementsInCurrentOnly>
<backgroundColor>-16777216</backgroundColor>
<lineWidth>1</lineWidth>
<points>
<point x="669" y="396"/>
<point x="669" y="444"/>
</points>
</Connector>
<Connector class="oracle.dbtools.crest.swingui.logical.TVRelation" oid="914D4306-2CB6-835D-495A-CF238CB7F376" otype="Relation" vid_source="A3AEA1FE-3208-8C20-6A02-4CFE74CF52F1" vid_target="FDDF740E-339E-AE0C-BD6D-88BEB99B9A4C">
<hideElementsInCurrentOnly>false</hideElementsInCurrentOnly>
<backgroundColor>-16777216</backgroundColor>
<lineWidth>1</lineWidth>
<points>
<point x="146" y="370"/>
<point x="146" y="474"/>
</points>
</Connector>
<Connector class="oracle.dbtools.crest.swingui.logical.TVRelation" oid="AA3D44EA-D51B-506B-D3EF-C26886F1ABD2" otype="Relation" vid_source="A015BDF6-6FCC-D9C3-8EAB-69D840272047" vid_target="95206EF2-EC83-E73E-E1BE-3A7AD9440522">
<hideElementsInCurrentOnly>false</hideElementsInCurrentOnly>
<backgroundColor>-16777216</backgroundColor>
<lineWidth>1</lineWidth>
<points>
<point x="607" y="253"/>
<point x="607" y="309"/>
</points>
</Connector>
<Connector class="oracle.dbtools.crest.swingui.logical.TVRelation" oid="C13F05CB-D7D8-808B-8BC7-4C2EE7010371" otype="Relation" vid_source="09375BF6-1304-9811-127E-18E61EB8AD1C" vid_target="FDDF740E-339E-AE0C-BD6D-88BEB99B9A4C">
<hideElementsInCurrentOnly>false</hideElementsInCurrentOnly>
<backgroundColor>-16777216</backgroundColor>
<lineWidth>1</lineWidth>
<points>
<point x="304" y="527"/>
<point x="224" y="527"/>
</points>
</Connector>
<Connector class="oracle.dbtools.crest.swingui.logical.TVRelation" oid="CFE7CBEC-47A2-226B-C663-9E30A55FF886" otype="Relation" vid_source="64C915D0-6698-B5C0-ADC3-EBE734FFB5B0" vid_target="9477E403-A070-AB2B-2530-D23210679B53">
<hideElementsInCurrentOnly>false</hideElementsInCurrentOnly>
<backgroundColor>-16777216</backgroundColor>
<lineWidth>1</lineWidth>
<points>
<point x="868" y="503"/>
<point x="753" y="503"/>
</points>
</Connector>
<Connector class="oracle.dbtools.crest.swingui.logical.TVRelation" oid="D8FDEC0C-C59C-2901-F126-EF2D7F979707" otype="Relation" vid_source="38EA715B-CEE6-D6A6-09A6-1997B032E12F" vid_target="6C4D144D-5C7D-17A9-5BDD-EFA752FB4F61">
<hideElementsInCurrentOnly>false</hideElementsInCurrentOnly>
<backgroundColor>-16777216</backgroundColor>
<lineWidth>1</lineWidth>
<points>
<point x="1123" y="104"/>
<point x="1123" y="192"/>
</points>
</Connector>
<Connector class="oracle.dbtools.crest.swingui.logical.TVRelation" oid="EE1CC44C-BF06-1574-E355-0DCA3C9E8600" otype="Relation" vid_source="BD3A9F67-F3FB-B946-A180-9CBA4C466C74" vid_target="06C29AE0-B66E-BE4C-0CB1-D2B0BDABD6D3">
<hideElementsInCurrentOnly>false</hideElementsInCurrentOnly>
<backgroundColor>-16777216</backgroundColor>
<lineWidth>1</lineWidth>
<points>
<point x="853" y="112"/>
<point x="853" y="192"/>
</points>
</Connector>
<Connector class="oracle.dbtools.crest.swingui.logical.TVRelation" oid="FE28DAA0-0358-D41C-C493-287E09452AE8" otype="Relation" vid_source="09375BF6-1304-9811-127E-18E61EB8AD1C" vid_target="9477E403-A070-AB2B-2530-D23210679B53">
<hideElementsInCurrentOnly>false</hideElementsInCurrentOnly>
<backgroundColor>-16777216</backgroundColor>
<lineWidth>1</lineWidth>
<points>
<point x="521" y="510"/>
<point x="566" y="510"/>
</points>
</Connector>
</connectors>
</Diagram>