<?xml version = '1.0' encoding = 'UTF-8'?>
<Entity class="oracle.dbtools.crest.model.design.logical.Entity" directorySegmentName="seg_0" id="07027711-FFB1-8B52-DBA3-4588E4809AC8" name="Genre">
<createdBy>pasha</createdBy>
<createdTime>2020-05-01 14:21:42 UTC</createdTime>
<ownerDesignName>ddl-lab-mode_1l</ownerDesignName>
<engineerTo>
<item key="590E1BF7-8887-7E23-4567-A569C41CBBEE" value="true"/>
</engineerTo>
<adequatelyNormalized>NO</adequatelyNormalized>
<expectedVolumes>0</expectedVolumes>
<fwdEngineeringStrategyName>Single Table</fwdEngineeringStrategyName>
<growthPercent>0</growthPercent>
<growthType>Year</growthType>
<maxVolumes>9999999</maxVolumes>
<minVolumes>0</minVolumes>
<normalForm>Third</normalForm>
<attributes itemClass="oracle.dbtools.crest.model.design.logical.Attribute">
<Attribute name="genre" id="B5793E86-0C2E-5ADA-BB9A-C589F248E88F">
<createdBy>pasha</createdBy>
<createdTime>2020-05-01 14:21:57 UTC</createdTime>
<ownerDesignName>ddl-lab-mode_1l</ownerDesignName>
<engineerTo>
<item key="590E1BF7-8887-7E23-4567-A569C41CBBEE" value="true"/>
</engineerTo>
<useDomainConstraints>false</useDomainConstraints>
<use>1</use>
<logicalDatatype>LOGDT024</logicalDatatype>
<dataTypeSize>50</dataTypeSize>
<ownDataTypeParameters>50,,</ownDataTypeParameters>
</Attribute>
</attributes>
<identifiers itemClass="oracle.dbtools.crest.model.design.logical.CandidateKey">
<identifier id="584B5F8F-1C33-EE58-FF2A-EFD312575068" name="genre_pk">
<createdBy>pasha</createdBy>
<createdTime>2020-05-01 14:22:18 UTC</createdTime>
<ownerDesignName>ddl-lab-mode_1l</ownerDesignName>
<engineerTo>
<item key="590E1BF7-8887-7E23-4567-A569C41CBBEE" value="true"/>
</engineerTo>
<pk>true</pk>
<newElementsIDs>B5793E86-0C2E-5ADA-BB9A-C589F248E88F</newElementsIDs>
<usedAttributes>
<attributeRef>B5793E86-0C2E-5ADA-BB9A-C589F248E88F</attributeRef>
</usedAttributes>
</identifier>
</identifiers>
</Entity>