<?xml version = '1.0' encoding = 'UTF-8'?>
<Entity class="oracle.dbtools.crest.model.design.logical.Entity" directorySegmentName="seg_0" id="1D099EAF-C86C-EA79-04DD-9C0DCA3FB7A3" name="Publisher">
<createdBy>pasha</createdBy>
<createdTime>2020-05-01 14:18:25 UTC</createdTime>
<ownerDesignName>ddl-lab-mode_1l</ownerDesignName>
<engineerTo>
<item key="590E1BF7-8887-7E23-4567-A569C41CBBEE" value="true"/>
</engineerTo>
<adequatelyNormalized>NO</adequatelyNormalized>
<expectedVolumes>0</expectedVolumes>
<fwdEngineeringStrategyName>Single Table</fwdEngineeringStrategyName>
<growthPercent>0</growthPercent>
<growthType>Year</growthType>
<maxVolumes>9999999</maxVolumes>
<minVolumes>0</minVolumes>
<normalForm>Third</normalForm>
<attributes itemClass="oracle.dbtools.crest.model.design.logical.Attribute">
<Attribute name="publisher" id="3BCB1648-3250-DDB8-3634-EA4EB9FAA4DE">
<createdBy>pasha</createdBy>
<createdTime>2020-05-01 14:18:34 UTC</createdTime>
<ownerDesignName>ddl-lab-mode_1l</ownerDesignName>
<engineerTo>
<item key="590E1BF7-8887-7E23-4567-A569C41CBBEE" value="true"/>
</engineerTo>
<useDomainConstraints>false</useDomainConstraints>
<use>1</use>
<logicalDatatype>LOGDT024</logicalDatatype>
<dataTypeSize>75</dataTypeSize>
<ownDataTypeParameters>75,,</ownDataTypeParameters>
</Attribute>
</attributes>
<identifiers itemClass="oracle.dbtools.crest.model.design.logical.CandidateKey">
<identifier id="ADA86A09-5BFA-F612-400B-98920F16237E" name="publisher_pk">
<createdBy>pasha</createdBy>
<createdTime>2020-05-01 14:19:07 UTC</createdTime>
<ownerDesignName>ddl-lab-mode_1l</ownerDesignName>
<engineerTo>
<item key="590E1BF7-8887-7E23-4567-A569C41CBBEE" value="true"/>
</engineerTo>
<pk>true</pk>
<newElementsIDs>3BCB1648-3250-DDB8-3634-EA4EB9FAA4DE</newElementsIDs>
<usedAttributes>
<attributeRef>3BCB1648-3250-DDB8-3634-EA4EB9FAA4DE</attributeRef>
</usedAttributes>
</identifier>
</identifiers>
</Entity>