<?xml version = '1.0' encoding = 'UTF-8'?>
<Entity class="oracle.dbtools.crest.model.design.logical.Entity" directorySegmentName="seg_0" id="2DF47A83-3715-597A-959E-DE1809E9D9C3" name="GamePlatform">
<createdBy>pasha</createdBy>
<createdTime>2020-05-10 11:50:01 UTC</createdTime>
<ownerDesignName>ddl-lab-mode_1l</ownerDesignName>
<engineerTo>
<item key="590E1BF7-8887-7E23-4567-A569C41CBBEE" value="true"/>
</engineerTo>
<adequatelyNormalized>NO</adequatelyNormalized>
<expectedVolumes>0</expectedVolumes>
<fwdEngineeringStrategyName>Single Table</fwdEngineeringStrategyName>
<growthPercent>0</growthPercent>
<growthType>Year</growthType>
<maxVolumes>9999999</maxVolumes>
<minVolumes>0</minVolumes>
<normalForm>Third</normalForm>
<attributes itemClass="oracle.dbtools.crest.model.design.logical.Attribute">
<Attribute name="game_name" id="0DF76289-04A9-0DE3-388B-B024AF172E49">
<createdBy>pasha</createdBy>
<createdTime>2020-05-10 11:50:31 UTC</createdTime>
<generatorID>1AE8B603-AEBA-EA8C-87E1-7ACD72FD44B8</generatorID>
<ownerDesignName>ddl-lab-mode_1l</ownerDesignName>
<engineerTo>
<item key="590E1BF7-8887-7E23-4567-A569C41CBBEE" value="true"/>
</engineerTo>
<referedAttribute>71B0AEA4-04C0-B386-6F46-785D5D0DDECC</referedAttribute>
<useDomainConstraints>false</useDomainConstraints>
<use>1</use>
<logicalDatatype>LOGDT024</logicalDatatype>
<dataTypeSize>150</dataTypeSize>
<ownDataTypeParameters>150,,</ownDataTypeParameters>
</Attribute>
<Attribute name="publisher" id="DB6971F5-620C-B52C-6B3D-AE434E52ECF6">
<createdBy>pasha</createdBy>
<createdTime>2020-05-10 11:50:31 UTC</createdTime>
<generatorID>1AE8B603-AEBA-EA8C-87E1-7ACD72FD44B8</generatorID>
<ownerDesignName>ddl-lab-mode_1l</ownerDesignName>
<engineerTo>
<item key="590E1BF7-8887-7E23-4567-A569C41CBBEE" value="true"/>
</engineerTo>
<referedAttribute>D801AF7F-0B1C-109D-9F5B-9D50433F1FB1</referedAttribute>
<useDomainConstraints>false</useDomainConstraints>
<use>1</use>
<logicalDatatype>LOGDT024</logicalDatatype>
<dataTypeSize>75</dataTypeSize>
<ownDataTypeParameters>75,,</ownDataTypeParameters>
</Attribute>
<Attribute name="platform" id="DB17E72F-3816-BB32-D4FD-85A4CE2C2286">
<createdBy>pasha</createdBy>
<createdTime>2020-05-10 11:51:12 UTC</createdTime>
<generatorID>AA3D44EA-D51B-506B-D3EF-C26886F1ABD2</generatorID>
<ownerDesignName>ddl-lab-mode_1l</ownerDesignName>
<engineerTo>
<item key="590E1BF7-8887-7E23-4567-A569C41CBBEE" value="true"/>
</engineerTo>
<referedAttribute>4C9D65EA-75D8-C22D-BFAE-F398A9284B3B</referedAttribute>
<useDomainConstraints>false</useDomainConstraints>
<use>1</use>
<logicalDatatype>LOGDT024</logicalDatatype>
<dataTypeSize>50</dataTypeSize>
<ownDataTypeParameters>50,,</ownDataTypeParameters>
</Attribute>
</attributes>
<identifiers itemClass="oracle.dbtools.crest.model.design.logical.CandidateKey">
<identifier id="9BAD5B1D-2106-8F1E-5194-E226A1E5E102" name="GamePlatform PK">
<createdBy>pasha</createdBy>
<createdTime>2020-05-10 11:50:31 UTC</createdTime>
<ownerDesignName>ddl-lab-mode_1l</ownerDesignName>
<engineerTo>
<item key="590E1BF7-8887-7E23-4567-A569C41CBBEE" value="true"/>
</engineerTo>
<pk>true</pk>
<usedAttributes>
<attributeRef>0DF76289-04A9-0DE3-388B-B024AF172E49</attributeRef>
<attributeRef>DB6971F5-620C-B52C-6B3D-AE434E52ECF6</attributeRef>
<attributeRef>DB17E72F-3816-BB32-D4FD-85A4CE2C2286</attributeRef>
</usedAttributes>
</identifier>
</identifiers>
</Entity>