<?xml version = '1.0' encoding = 'UTF-8'?>
<Entity class="oracle.dbtools.crest.model.design.logical.Entity" directorySegmentName="seg_0" id="2E574D1C-1833-FFC1-97B6-1BCF1B99F303" name="Platform">
<createdBy>pasha</createdBy>
<createdTime>2020-05-01 14:16:57 UTC</createdTime>
<ownerDesignName>ddl-lab-mode_1l</ownerDesignName>
<engineerTo>
<item key="590E1BF7-8887-7E23-4567-A569C41CBBEE" value="true"/>
</engineerTo>
<adequatelyNormalized>NO</adequatelyNormalized>
<expectedVolumes>0</expectedVolumes>
<fwdEngineeringStrategyName>Single Table</fwdEngineeringStrategyName>
<growthPercent>0</growthPercent>
<growthType>Year</growthType>
<maxVolumes>9999999</maxVolumes>
<minVolumes>0</minVolumes>
<normalForm>Third</normalForm>
<attributes itemClass="oracle.dbtools.crest.model.design.logical.Attribute">
<Attribute name="platform" id="4C9D65EA-75D8-C22D-BFAE-F398A9284B3B">
<createdBy>pasha</createdBy>
<createdTime>2020-05-01 14:17:29 UTC</createdTime>
<ownerDesignName>ddl-lab-mode_1l</ownerDesignName>
<engineerTo>
<item key="590E1BF7-8887-7E23-4567-A569C41CBBEE" value="true"/>
</engineerTo>
<useDomainConstraints>false</useDomainConstraints>
<use>1</use>
<logicalDatatype>LOGDT024</logicalDatatype>
<dataTypeSize>50</dataTypeSize>
<ownDataTypeParameters>50,,</ownDataTypeParameters>
</Attribute>
</attributes>
<identifiers itemClass="oracle.dbtools.crest.model.design.logical.CandidateKey">
<identifier id="283F8A03-4ADE-B379-9BD3-62D22BF592BA" name="platform_pk">
<createdBy>pasha</createdBy>
<createdTime>2020-05-01 14:17:55 UTC</createdTime>
<ownerDesignName>ddl-lab-mode_1l</ownerDesignName>
<engineerTo>
<item key="590E1BF7-8887-7E23-4567-A569C41CBBEE" value="true"/>
</engineerTo>
<pk>true</pk>
<newElementsIDs>4C9D65EA-75D8-C22D-BFAE-F398A9284B3B</newElementsIDs>
<usedAttributes>
<attributeRef>4C9D65EA-75D8-C22D-BFAE-F398A9284B3B</attributeRef>
</usedAttributes>
</identifier>
</identifiers>
</Entity>