<?xml version = '1.0' encoding = 'UTF-8'?>
<Entity class="oracle.dbtools.crest.model.design.logical.Entity" directorySegmentName="seg_0" id="362E5BD8-5C2C-9354-6BA0-3421F1C42DFF" name="Game">
<createdBy>pasha</createdBy>
<createdTime>2020-05-01 14:20:18 UTC</createdTime>
<ownerDesignName>ddl-lab-mode_1l</ownerDesignName>
<engineerTo>
<item key="590E1BF7-8887-7E23-4567-A569C41CBBEE" value="true"/>
</engineerTo>
<adequatelyNormalized>NO</adequatelyNormalized>
<expectedVolumes>0</expectedVolumes>
<fwdEngineeringStrategyName>Single Table</fwdEngineeringStrategyName>
<growthPercent>0</growthPercent>
<growthType>Year</growthType>
<maxVolumes>9999999</maxVolumes>
<minVolumes>0</minVolumes>
<normalForm>Third</normalForm>
<attributes itemClass="oracle.dbtools.crest.model.design.logical.Attribute">
<Attribute name="game_name" id="6B854478-05AE-563B-D3D2-7F807B84D4DE">
<createdBy>pasha</createdBy>
<createdTime>2020-05-01 14:20:30 UTC</createdTime>
<ownerDesignName>ddl-lab-mode_1l</ownerDesignName>
<engineerTo>
<item key="590E1BF7-8887-7E23-4567-A569C41CBBEE" value="true"/>
</engineerTo>
<useDomainConstraints>false</useDomainConstraints>
<use>1</use>
<logicalDatatype>LOGDT024</logicalDatatype>
<dataTypeSize>150</dataTypeSize>
<ownDataTypeParameters>150,,</ownDataTypeParameters>
</Attribute>
</attributes>
<identifiers itemClass="oracle.dbtools.crest.model.design.logical.CandidateKey">
<identifier id="F3257110-C272-BBD5-0491-CD0627ACA755" name="game_name_pk">
<createdBy>pasha</createdBy>
<createdTime>2020-05-01 14:21:02 UTC</createdTime>
<ownerDesignName>ddl-lab-mode_1l</ownerDesignName>
<engineerTo>
<item key="590E1BF7-8887-7E23-4567-A569C41CBBEE" value="true"/>
</engineerTo>
<pk>true</pk>
<newElementsIDs>6B854478-05AE-563B-D3D2-7F807B84D4DE</newElementsIDs>
<usedAttributes>
<attributeRef>6B854478-05AE-563B-D3D2-7F807B84D4DE</attributeRef>
</usedAttributes>
</identifier>
</identifiers>
</Entity>