<?xml version = '1.0' encoding = 'UTF-8'?>
<Entity class="oracle.dbtools.crest.model.design.logical.Entity" directorySegmentName="seg_0" id="39E85B19-5414-F512-E85F-C7CFAF8AC101" name="CustomerGame">
<createdBy>pasha</createdBy>
<createdTime>2020-05-12 14:59:02 UTC</createdTime>
<ownerDesignName>ddl-lab-mode_1l</ownerDesignName>
<engineerTo>
<item key="590E1BF7-8887-7E23-4567-A569C41CBBEE" value="true"/>
</engineerTo>
<adequatelyNormalized>NO</adequatelyNormalized>
<expectedVolumes>0</expectedVolumes>
<fwdEngineeringStrategyName>Single Table</fwdEngineeringStrategyName>
<growthPercent>0</growthPercent>
<growthType>Year</growthType>
<maxVolumes>9999999</maxVolumes>
<minVolumes>0</minVolumes>
<normalForm>Third</normalForm>
<attributes itemClass="oracle.dbtools.crest.model.design.logical.Attribute">
<Attribute name="cust_id" id="80E34DF6-6AD3-BBE8-1330-FC243226805C">
<createdBy>pasha</createdBy>
<createdTime>2020-05-12 15:13:15 UTC</createdTime>
<generatorID>FE28DAA0-0358-D41C-C493-287E09452AE8</generatorID>
<ownerDesignName>ddl-lab-mode_1l</ownerDesignName>
<engineerTo>
<item key="590E1BF7-8887-7E23-4567-A569C41CBBEE" value="true"/>
</engineerTo>
<referedAttribute>F442267E-85E7-BEBA-D03C-5788A8D7B6EC</referedAttribute>
<useDomainConstraints>false</useDomainConstraints>
<use>1</use>
<logicalDatatype>LOGDT011</logicalDatatype>
<ownDataTypeParameters>,,</ownDataTypeParameters>
</Attribute>
<Attribute name="game_name" id="FB3CC65C-F10B-C3FE-BF8E-EB29E645F967">
<createdBy>pasha</createdBy>
<createdTime>2020-05-12 15:13:08 UTC</createdTime>
<generatorID>696F4860-1F44-7217-0A45-5552297697B0</generatorID>
<ownerDesignName>ddl-lab-mode_1l</ownerDesignName>
<engineerTo>
<item key="590E1BF7-8887-7E23-4567-A569C41CBBEE" value="true"/>
</engineerTo>
<referedAttribute>0DF76289-04A9-0DE3-388B-B024AF172E49</referedAttribute>
<useDomainConstraints>false</useDomainConstraints>
<use>1</use>
<logicalDatatype>LOGDT024</logicalDatatype>
<dataTypeSize>150</dataTypeSize>
<ownDataTypeParameters>,,</ownDataTypeParameters>
</Attribute>
<Attribute name="publisher" id="21BD599A-F606-411C-179D-B4409E07B071">
<createdBy>pasha</createdBy>
<createdTime>2020-05-12 15:13:08 UTC</createdTime>
<generatorID>696F4860-1F44-7217-0A45-5552297697B0</generatorID>
<ownerDesignName>ddl-lab-mode_1l</ownerDesignName>
<engineerTo>
<item key="590E1BF7-8887-7E23-4567-A569C41CBBEE" value="true"/>
</engineerTo>
<referedAttribute>DB6971F5-620C-B52C-6B3D-AE434E52ECF6</referedAttribute>
<useDomainConstraints>false</useDomainConstraints>
<use>1</use>
<logicalDatatype>LOGDT024</logicalDatatype>
<dataTypeSize>75</dataTypeSize>
<ownDataTypeParameters>,,</ownDataTypeParameters>
</Attribute>
<Attribute name="platform" id="CF8E5D9E-5741-3200-63CF-6CAE9A323864">
<createdBy>pasha</createdBy>
<createdTime>2020-05-12 15:13:08 UTC</createdTime>
<generatorID>696F4860-1F44-7217-0A45-5552297697B0</generatorID>
<ownerDesignName>ddl-lab-mode_1l</ownerDesignName>
<engineerTo>
<item key="590E1BF7-8887-7E23-4567-A569C41CBBEE" value="true"/>
</engineerTo>
<referedAttribute>DB17E72F-3816-BB32-D4FD-85A4CE2C2286</referedAttribute>
<useDomainConstraints>false</useDomainConstraints>
<use>1</use>
<logicalDatatype>LOGDT024</logicalDatatype>
<dataTypeSize>50</dataTypeSize>
<ownDataTypeParameters>,,</ownDataTypeParameters>
</Attribute>
<Attribute name="region" id="A56434E4-F6DD-B987-D2AC-407717B302EF">
<createdBy>pasha</createdBy>
<createdTime>2020-05-12 15:52:01 UTC</createdTime>
<generatorID>CFE7CBEC-47A2-226B-C663-9E30A55FF886</generatorID>
<ownerDesignName>ddl-lab-mode_1l</ownerDesignName>
<engineerTo>
<item key="590E1BF7-8887-7E23-4567-A569C41CBBEE" value="true"/>
</engineerTo>
<referedAttribute>C42FEACF-87F5-9C2F-B827-BB45A9687BBA</referedAttribute>
<useDomainConstraints>false</useDomainConstraints>
<use>1</use>
<logicalDatatype>LOGDT024</logicalDatatype>
<dataTypeSize>5</dataTypeSize>
<ownDataTypeParameters>,,</ownDataTypeParameters>
</Attribute>
<Attribute name="price" id="D713AA35-6E0D-6B12-CFAE-F5AF269CEFB5">
<createdBy>pasha</createdBy>
<createdTime>2020-05-12 15:48:39 UTC</createdTime>
<ownerDesignName>ddl-lab-mode_1l</ownerDesignName>
<engineerTo>
<item key="590E1BF7-8887-7E23-4567-A569C41CBBEE" value="true"/>
</engineerTo>
<nullsAllowed>true</nullsAllowed>
<useDomainConstraints>false</useDomainConstraints>
<use>1</use>
<logicalDatatype>LOGDT026</logicalDatatype>
<dataTypePrecision>2</dataTypePrecision>
<dataTypeScale>4</dataTypeScale>
<ownDataTypeParameters>,2,4</ownDataTypeParameters>
</Attribute>
</attributes>
<identifiers itemClass="oracle.dbtools.crest.model.design.logical.CandidateKey">
<identifier id="46AEB642-1396-ED0C-0DAE-EEF2406911C7" name="CustomerGame PK">
<createdBy>pasha</createdBy>
<createdTime>2020-05-12 14:59:38 UTC</createdTime>
<ownerDesignName>ddl-lab-mode_1l</ownerDesignName>
<engineerTo>
<item key="590E1BF7-8887-7E23-4567-A569C41CBBEE" value="true"/>
</engineerTo>
<pk>true</pk>
<usedAttributes>
<attributeRef>FB3CC65C-F10B-C3FE-BF8E-EB29E645F967</attributeRef>
<attributeRef>21BD599A-F606-411C-179D-B4409E07B071</attributeRef>
<attributeRef>CF8E5D9E-5741-3200-63CF-6CAE9A323864</attributeRef>
<attributeRef>80E34DF6-6AD3-BBE8-1330-FC243226805C</attributeRef>
</usedAttributes>
</identifier>
</identifiers>
</Entity>