<?xml version = '1.0' encoding = 'UTF-8'?>
<Entity class="oracle.dbtools.crest.model.design.logical.Entity" directorySegmentName="seg_0" id="3EFF7098-EA87-AFE0-D17F-1B1182287520" name="CustomerZip">
<createdBy>pasha</createdBy>
<createdTime>2020-05-12 16:07:39 UTC</createdTime>
<ownerDesignName>ddl-lab-mode_1l</ownerDesignName>
<engineerTo>
<item key="590E1BF7-8887-7E23-4567-A569C41CBBEE" value="true"/>
</engineerTo>
<adequatelyNormalized>NO</adequatelyNormalized>
<expectedVolumes>0</expectedVolumes>
<fwdEngineeringStrategyName>Single Table</fwdEngineeringStrategyName>
<growthPercent>0</growthPercent>
<growthType>Year</growthType>
<maxVolumes>9999999</maxVolumes>
<minVolumes>0</minVolumes>
<normalForm>Third</normalForm>
<attributes itemClass="oracle.dbtools.crest.model.design.logical.Attribute">
<Attribute name="cust_id" id="8835EEDA-749B-FC10-3834-8A3043BE21E5">
<createdBy>pasha</createdBy>
<createdTime>2020-05-12 16:08:14 UTC</createdTime>
<generatorID>C13F05CB-D7D8-808B-8BC7-4C2EE7010371</generatorID>
<ownerDesignName>ddl-lab-mode_1l</ownerDesignName>
<engineerTo>
<item key="590E1BF7-8887-7E23-4567-A569C41CBBEE" value="true"/>
</engineerTo>
<referedAttribute>F442267E-85E7-BEBA-D03C-5788A8D7B6EC</referedAttribute>
<useDomainConstraints>false</useDomainConstraints>
<use>1</use>
<logicalDatatype>LOGDT011</logicalDatatype>
<ownDataTypeParameters>,,</ownDataTypeParameters>
</Attribute>
<Attribute name="zip_code" id="FACE9998-AFB9-3BEE-B610-325F66E7BD32">
<createdBy>pasha</createdBy>
<createdTime>2020-05-12 16:08:01 UTC</createdTime>
<generatorID>914D4306-2CB6-835D-495A-CF238CB7F376</generatorID>
<ownerDesignName>ddl-lab-mode_1l</ownerDesignName>
<engineerTo>
<item key="590E1BF7-8887-7E23-4567-A569C41CBBEE" value="true"/>
</engineerTo>
<referedAttribute>7285EEFF-3E48-5E1B-C75B-B4014DBDD2CA</referedAttribute>
<useDomainConstraints>false</useDomainConstraints>
<use>1</use>
<logicalDatatype>LOGDT011</logicalDatatype>
<ownDataTypeParameters>,,</ownDataTypeParameters>
</Attribute>
</attributes>
<identifiers itemClass="oracle.dbtools.crest.model.design.logical.CandidateKey">
<identifier id="D2D7D7EE-1453-BCDB-BCD0-80AFB60FEC8D" name="CustomerZip PK">
<createdBy>pasha</createdBy>
<createdTime>2020-05-12 16:08:01 UTC</createdTime>
<ownerDesignName>ddl-lab-mode_1l</ownerDesignName>
<engineerTo>
<item key="590E1BF7-8887-7E23-4567-A569C41CBBEE" value="true"/>
</engineerTo>
<pk>true</pk>
<usedAttributes>
<attributeRef>FACE9998-AFB9-3BEE-B610-325F66E7BD32</attributeRef>
<attributeRef>8835EEDA-749B-FC10-3834-8A3043BE21E5</attributeRef>
</usedAttributes>
</identifier>
</identifiers>
</Entity>