<?xml version = '1.0' encoding = 'UTF-8'?>
<Entity class="oracle.dbtools.crest.model.design.logical.Entity" directorySegmentName="seg_0" id="8D03BFB9-FF16-9ABD-23F5-13B97728D7FB" name="GameGenre">
<createdBy>pasha</createdBy>
<createdTime>2020-05-01 14:25:03 UTC</createdTime>
<ownerDesignName>ddl-lab-mode_1l</ownerDesignName>
<engineerTo>
<item key="590E1BF7-8887-7E23-4567-A569C41CBBEE" value="true"/>
</engineerTo>
<adequatelyNormalized>NO</adequatelyNormalized>
<expectedVolumes>0</expectedVolumes>
<fwdEngineeringStrategyName>Single Table</fwdEngineeringStrategyName>
<growthPercent>0</growthPercent>
<growthType>Year</growthType>
<maxVolumes>9999999</maxVolumes>
<minVolumes>0</minVolumes>
<normalForm>Third</normalForm>
<attributes itemClass="oracle.dbtools.crest.model.design.logical.Attribute">
<Attribute name="game_name" id="46FB45AF-AF1C-F406-1A80-1F0ADA5489FB">
<createdBy>pasha</createdBy>
<createdTime>2020-05-01 15:29:54 UTC</createdTime>
<generatorID>30E09EB3-5133-A5E2-AEF4-A01C0B30A285</generatorID>
<ownerDesignName>ddl-lab-mode_1l</ownerDesignName>
<engineerTo>
<item key="590E1BF7-8887-7E23-4567-A569C41CBBEE" value="true"/>
</engineerTo>
<referedAttribute>6B854478-05AE-563B-D3D2-7F807B84D4DE</referedAttribute>
<useDomainConstraints>false</useDomainConstraints>
<use>1</use>
<logicalDatatype>LOGDT024</logicalDatatype>
<dataTypeSize>150</dataTypeSize>
<ownDataTypeParameters>150,,</ownDataTypeParameters>
</Attribute>
<Attribute name="genre" id="5748282F-E662-6D2A-9D6B-1B6CAA1B5922">
<createdBy>pasha</createdBy>
<createdTime>2020-05-01 16:17:26 UTC</createdTime>
<generatorID>D8FDEC0C-C59C-2901-F126-EF2D7F979707</generatorID>
<ownerDesignName>ddl-lab-mode_1l</ownerDesignName>
<engineerTo>
<item key="590E1BF7-8887-7E23-4567-A569C41CBBEE" value="true"/>
</engineerTo>
<referedAttribute>B5793E86-0C2E-5ADA-BB9A-C589F248E88F</referedAttribute>
<useDomainConstraints>false</useDomainConstraints>
<use>1</use>
<logicalDatatype>LOGDT024</logicalDatatype>
<dataTypeSize>50</dataTypeSize>
<ownDataTypeParameters>50,,</ownDataTypeParameters>
</Attribute>
</attributes>
<identifiers itemClass="oracle.dbtools.crest.model.design.logical.CandidateKey">
<identifier id="B5FA0640-AEB8-0055-4BE0-007AD7C1436B" name="GAME_NAME_GENRE_PK_FK">
<createdBy>pasha</createdBy>
<createdTime>2020-05-01 15:29:54 UTC</createdTime>
<ownerDesignName>ddl-lab-mode_1l</ownerDesignName>
<engineerTo>
<item key="590E1BF7-8887-7E23-4567-A569C41CBBEE" value="true"/>
</engineerTo>
<pk>true</pk>
<newElementsIDs>30E09EB3-5133-A5E2-AEF4-A01C0B30A285,D8FDEC0C-C59C-2901-F126-EF2D7F979707</newElementsIDs>
<usedAttributes>
<attributeRef>46FB45AF-AF1C-F406-1A80-1F0ADA5489FB</attributeRef>
<attributeRef>5748282F-E662-6D2A-9D6B-1B6CAA1B5922</attributeRef>
</usedAttributes>
</identifier>
</identifiers>
</Entity>