<?xml version = '1.0' encoding = 'UTF-8'?>
<Entity class="oracle.dbtools.crest.model.design.logical.Entity" directorySegmentName="seg_0" id="FA2A4AB4-542C-1E40-277E-C3D3F871118C" name="GamePublisher">
<createdBy>pasha</createdBy>
<createdTime>2020-05-10 11:41:23 UTC</createdTime>
<ownerDesignName>ddl-lab-mode_1l</ownerDesignName>
<engineerTo>
<item key="590E1BF7-8887-7E23-4567-A569C41CBBEE" value="true"/>
</engineerTo>
<adequatelyNormalized>NO</adequatelyNormalized>
<expectedVolumes>0</expectedVolumes>
<fwdEngineeringStrategyName>Single Table</fwdEngineeringStrategyName>
<growthPercent>0</growthPercent>
<growthType>Year</growthType>
<maxVolumes>9999999</maxVolumes>
<minVolumes>0</minVolumes>
<normalForm>Third</normalForm>
<attributes itemClass="oracle.dbtools.crest.model.design.logical.Attribute">
<Attribute name="game_name" id="71B0AEA4-04C0-B386-6F46-785D5D0DDECC">
<createdBy>pasha</createdBy>
<createdTime>2020-05-10 11:41:53 UTC</createdTime>
<generatorID>EE1CC44C-BF06-1574-E355-0DCA3C9E8600</generatorID>
<ownerDesignName>ddl-lab-mode_1l</ownerDesignName>
<engineerTo>
<item key="590E1BF7-8887-7E23-4567-A569C41CBBEE" value="true"/>
</engineerTo>
<referedAttribute>6B854478-05AE-563B-D3D2-7F807B84D4DE</referedAttribute>
<useDomainConstraints>false</useDomainConstraints>
<use>1</use>
<logicalDatatype>LOGDT024</logicalDatatype>
<dataTypeSize>150</dataTypeSize>
<ownDataTypeParameters>,,</ownDataTypeParameters>
</Attribute>
<Attribute name="publisher" id="D801AF7F-0B1C-109D-9F5B-9D50433F1FB1">
<createdBy>pasha</createdBy>
<createdTime>2020-05-10 11:42:34 UTC</createdTime>
<generatorID>58CCFA27-969D-2810-368A-DB186825FBD6</generatorID>
<ownerDesignName>ddl-lab-mode_1l</ownerDesignName>
<engineerTo>
<item key="590E1BF7-8887-7E23-4567-A569C41CBBEE" value="true"/>
</engineerTo>
<referedAttribute>3BCB1648-3250-DDB8-3634-EA4EB9FAA4DE</referedAttribute>
<useDomainConstraints>false</useDomainConstraints>
<use>1</use>
<logicalDatatype>LOGDT024</logicalDatatype>
<dataTypeSize>75</dataTypeSize>
<ownDataTypeParameters>,,</ownDataTypeParameters>
</Attribute>
<Attribute name="year_of_release" id="F8B1AEED-C2A4-F2B3-F611-F9B71C08D8E5">
<createdBy>pasha</createdBy>
<createdTime>2020-05-10 11:46:04 UTC</createdTime>
<ownerDesignName>ddl-lab-mode_1l</ownerDesignName>
<engineerTo>
<item key="590E1BF7-8887-7E23-4567-A569C41CBBEE" value="true"/>
</engineerTo>
<nullsAllowed>true</nullsAllowed>
<useDomainConstraints>false</useDomainConstraints>
<use>1</use>
<logicalDatatype>LOGDT011</logicalDatatype>
<ownDataTypeParameters>,,</ownDataTypeParameters>
</Attribute>
</attributes>
<identifiers itemClass="oracle.dbtools.crest.model.design.logical.CandidateKey">
<identifier id="C4FA703B-A19B-3EEA-5A28-6BAAD4BC931B" name="GamePublisher PK">
<createdBy>pasha</createdBy>
<createdTime>2020-05-10 11:41:53 UTC</createdTime>
<ownerDesignName>ddl-lab-mode_1l</ownerDesignName>
<engineerTo>
<item key="590E1BF7-8887-7E23-4567-A569C41CBBEE" value="true"/>
</engineerTo>
<pk>true</pk>
<usedAttributes>
<attributeRef>71B0AEA4-04C0-B386-6F46-785D5D0DDECC</attributeRef>
<attributeRef>D801AF7F-0B1C-109D-9F5B-9D50433F1FB1</attributeRef>
</usedAttributes>
</identifier>
</identifiers>
</Entity>