<?xml version = '1.0' encoding = 'UTF-8'?>
<relationalModel class="oracle.dbtools.crest.model.design.relational.RelationalDesign" name="Relational_1" id="590E1BF7-8887-7E23-4567-A569C41CBBEE" mainViewID="774AE385-30D5-E704-875E-8756427397E5">
<createdBy>pasha</createdBy>
<createdTime>2020-05-03 08:33:05 UTC</createdTime>
<ownerDesignName>ddl-lab-model</ownerDesignName>
<shouldBeOpen>true</shouldBeOpen>
<selectedRDBMSSite>32076570-2523-435C-2E92-BF29817DFF70</selectedRDBMSSite>
</relationalModel>