<?xml version = '1.0' encoding = 'UTF-8'?>
<Relation class="oracle.dbtools.crest.model.design.logical.Relation" name="GamePublisher_GamePlatform_fk" directorySegmentName="seg_0" id="1AE8B603-AEBA-EA8C-87E1-7ACD72FD44B8">
<createdBy>pasha</createdBy>
<createdTime>2020-05-10 11:50:31 UTC</createdTime>
<ownerDesignName>ddl-lab-mode_1l</ownerDesignName>
<engineerTo>
<item key="590E1BF7-8887-7E23-4567-A569C41CBBEE" value="true"/>
</engineerTo>
<sourcePk>C4FA703B-A19B-3EEA-5A28-6BAAD4BC931B</sourcePk>
<identifying>true</identifying>
<optionalSource>false</optionalSource>
<optionalTarget>false</optionalTarget>
<sourceCardinality>1</sourceCardinality>
<sourceEntity>FA2A4AB4-542C-1E40-277E-C3D3F871118C</sourceEntity>
<targetCardinalityString>*</targetCardinalityString>
<targetEntity>2DF47A83-3715-597A-959E-DE1809E9D9C3</targetEntity>
<transferable>true</transferable>
<deleteRule>NO ACTION</deleteRule>
</Relation>