<?xml version = '1.0' encoding = 'UTF-8'?>
<Relation class="oracle.dbtools.crest.model.design.logical.Relation" name="game_gameGenre_pk_fk" directorySegmentName="seg_0" id="30E09EB3-5133-A5E2-AEF4-A01C0B30A285">
<createdBy>pasha</createdBy>
<createdTime>2020-05-01 15:29:54 UTC</createdTime>
<ownerDesignName>ddl-lab-mode_1l</ownerDesignName>
<engineerTo>
<item key="590E1BF7-8887-7E23-4567-A569C41CBBEE" value="true"/>
</engineerTo>
<sourcePk>F3257110-C272-BBD5-0491-CD0627ACA755</sourcePk>
<identifying>true</identifying>
<optionalSource>false</optionalSource>
<optionalTarget>false</optionalTarget>
<sourceCardinality>1</sourceCardinality>
<sourceEntity>362E5BD8-5C2C-9354-6BA0-3421F1C42DFF</sourceEntity>
<targetCardinalityString>*</targetCardinalityString>
<targetEntity>8D03BFB9-FF16-9ABD-23F5-13B97728D7FB</targetEntity>
<transferable>true</transferable>
<deleteRule>NO ACTION</deleteRule>
</Relation>