<?xml version = '1.0' encoding = 'UTF-8'?>
<Relation class="oracle.dbtools.crest.model.design.logical.Relation" name="Relation_21" directorySegmentName="seg_0" id="4ECD605F-ED15-2E38-0406-544B1D10906C">
<createdBy>pasha</createdBy>
<createdTime>2020-05-12 16:03:58 UTC</createdTime>
<ownerDesignName>ddl-lab-mode_1l</ownerDesignName>
<engineerTo>
<item key="590E1BF7-8887-7E23-4567-A569C41CBBEE" value="true"/>
</engineerTo>
<sourcePk>B04F7E7C-48BB-04F5-8929-96A5E871E3D5</sourcePk>
<identifying>false</identifying>
<optionalSource>true</optionalSource>
<optionalTarget>false</optionalTarget>
<sourceCardinality>1</sourceCardinality>
<sourceEntity>44D0EB8C-E5A1-C7F0-7ACE-B84763CB11FD</sourceEntity>
<targetCardinalityString>*</targetCardinalityString>
<targetEntity>6346E3CD-B2FA-D4E3-E938-D4F21D0B5937</targetEntity>
<transferable>true</transferable>
<deleteRule>NO ACTION</deleteRule>
</Relation>