<?xml version = '1.0' encoding = 'UTF-8'?>
<Relation class="oracle.dbtools.crest.model.design.logical.Relation" name="Publisher_GamePublisher_fk" directorySegmentName="seg_0" id="58CCFA27-969D-2810-368A-DB186825FBD6">
<createdBy>pasha</createdBy>
<createdTime>2020-05-10 11:42:34 UTC</createdTime>
<ownerDesignName>ddl-lab-mode_1l</ownerDesignName>
<engineerTo>
<item key="590E1BF7-8887-7E23-4567-A569C41CBBEE" value="true"/>
</engineerTo>
<sourcePk>ADA86A09-5BFA-F612-400B-98920F16237E</sourcePk>
<identifying>true</identifying>
<optionalSource>true</optionalSource>
<optionalTarget>false</optionalTarget>
<sourceCardinality>1</sourceCardinality>
<sourceEntity>1D099EAF-C86C-EA79-04DD-9C0DCA3FB7A3</sourceEntity>
<targetCardinalityString>*</targetCardinalityString>
<targetEntity>FA2A4AB4-542C-1E40-277E-C3D3F871118C</targetEntity>
<transferable>true</transferable>
<deleteRule>NO ACTION</deleteRule>
</Relation>