<?xml version = '1.0' encoding = 'UTF-8'?>
<Relation class="oracle.dbtools.crest.model.design.logical.Relation" name="Relation_15" directorySegmentName="seg_0" id="696F4860-1F44-7217-0A45-5552297697B0">
<createdBy>pasha</createdBy>
<createdTime>2020-05-12 15:13:08 UTC</createdTime>
<ownerDesignName>ddl-lab-mode_1l</ownerDesignName>
<engineerTo>
<item key="590E1BF7-8887-7E23-4567-A569C41CBBEE" value="true"/>
</engineerTo>
<sourcePk>9BAD5B1D-2106-8F1E-5194-E226A1E5E102</sourcePk>
<identifying>true</identifying>
<optionalSource>true</optionalSource>
<optionalTarget>false</optionalTarget>
<sourceCardinality>1</sourceCardinality>
<sourceEntity>2DF47A83-3715-597A-959E-DE1809E9D9C3</sourceEntity>
<targetCardinalityString>*</targetCardinalityString>
<targetEntity>39E85B19-5414-F512-E85F-C7CFAF8AC101</targetEntity>
<transferable>true</transferable>
<deleteRule>NO ACTION</deleteRule>
</Relation>