<?xml version = '1.0' encoding = 'UTF-8'?>
<Relation class="oracle.dbtools.crest.model.design.logical.Relation" name="Relation_24" directorySegmentName="seg_0" id="914D4306-2CB6-835D-495A-CF238CB7F376">
<createdBy>pasha</createdBy>
<createdTime>2020-05-12 16:08:01 UTC</createdTime>
<ownerDesignName>ddl-lab-mode_1l</ownerDesignName>
<engineerTo>
<item key="590E1BF7-8887-7E23-4567-A569C41CBBEE" value="true"/>
</engineerTo>
<sourcePk>2111D039-D36A-D30E-6411-0A5E37A29A2F</sourcePk>
<identifying>true</identifying>
<optionalSource>true</optionalSource>
<optionalTarget>false</optionalTarget>
<sourceCardinality>1</sourceCardinality>
<sourceEntity>6346E3CD-B2FA-D4E3-E938-D4F21D0B5937</sourceEntity>
<targetCardinalityString>*</targetCardinalityString>
<targetEntity>3EFF7098-EA87-AFE0-D17F-1B1182287520</targetEntity>
<transferable>true</transferable>
<deleteRule>NO ACTION</deleteRule>
</Relation>