<?xml version = '1.0' encoding = 'UTF-8'?>
<Relation class="oracle.dbtools.crest.model.design.logical.Relation" name="Platform_GamePlatform_fk" directorySegmentName="seg_0" id="AA3D44EA-D51B-506B-D3EF-C26886F1ABD2">
<createdBy>pasha</createdBy>
<createdTime>2020-05-10 11:51:12 UTC</createdTime>
<ownerDesignName>ddl-lab-mode_1l</ownerDesignName>
<engineerTo>
<item key="590E1BF7-8887-7E23-4567-A569C41CBBEE" value="true"/>
</engineerTo>
<sourcePk>283F8A03-4ADE-B379-9BD3-62D22BF592BA</sourcePk>
<identifying>true</identifying>
<optionalSource>true</optionalSource>
<optionalTarget>false</optionalTarget>
<sourceCardinality>1</sourceCardinality>
<sourceEntity>2E574D1C-1833-FFC1-97B6-1BCF1B99F303</sourceEntity>
<targetCardinalityString>*</targetCardinalityString>
<targetEntity>2DF47A83-3715-597A-959E-DE1809E9D9C3</targetEntity>
<transferable>true</transferable>
<deleteRule>NO ACTION</deleteRule>
</Relation>