<?xml version = '1.0' encoding = 'UTF-8'?>
<Relation class="oracle.dbtools.crest.model.design.logical.Relation" name="Relation_25" directorySegmentName="seg_0" id="C13F05CB-D7D8-808B-8BC7-4C2EE7010371">
<createdBy>pasha</createdBy>
<createdTime>2020-05-12 16:08:14 UTC</createdTime>
<ownerDesignName>ddl-lab-mode_1l</ownerDesignName>
<engineerTo>
<item key="590E1BF7-8887-7E23-4567-A569C41CBBEE" value="true"/>
</engineerTo>
<sourcePk>7FD0C11F-7BC9-97E5-8B48-14030CD6EE9D</sourcePk>
<identifying>true</identifying>
<optionalSource>true</optionalSource>
<optionalTarget>false</optionalTarget>
<sourceCardinality>1</sourceCardinality>
<sourceEntity>0B24481F-D63C-8911-5C87-61B2D1A98133</sourceEntity>
<targetCardinalityString>*</targetCardinalityString>
<targetEntity>3EFF7098-EA87-AFE0-D17F-1B1182287520</targetEntity>
<transferable>true</transferable>
<deleteRule>NO ACTION</deleteRule>
</Relation>