<?xml version = '1.0' encoding = 'UTF-8'?>
<Relation class="oracle.dbtools.crest.model.design.logical.Relation" name="Relation_19" directorySegmentName="seg_0" id="CFE7CBEC-47A2-226B-C663-9E30A55FF886">
<createdBy>pasha</createdBy>
<createdTime>2020-05-12 15:52:01 UTC</createdTime>
<ownerDesignName>ddl-lab-mode_1l</ownerDesignName>
<engineerTo>
<item key="590E1BF7-8887-7E23-4567-A569C41CBBEE" value="true"/>
</engineerTo>
<sourcePk>70FFBA47-796D-D074-304C-D5D0E38A675E</sourcePk>
<identifying>false</identifying>
<optionalSource>true</optionalSource>
<optionalTarget>false</optionalTarget>
<sourceCardinality>1</sourceCardinality>
<sourceEntity>E1A2DE94-5E5A-F063-E85E-1DDB0280E911</sourceEntity>
<targetCardinalityString>*</targetCardinalityString>
<targetEntity>39E85B19-5414-F512-E85F-C7CFAF8AC101</targetEntity>
<transferable>true</transferable>
<deleteRule>NO ACTION</deleteRule>
</Relation>