<?xml version = '1.0' encoding = 'UTF-8'?>
<Relation class="oracle.dbtools.crest.model.design.logical.Relation" name="genre_gameGenre_fk" directorySegmentName="seg_0" id="D8FDEC0C-C59C-2901-F126-EF2D7F979707">
<createdBy>pasha</createdBy>
<createdTime>2020-05-01 16:17:26 UTC</createdTime>
<ownerDesignName>ddl-lab-mode_1l</ownerDesignName>
<engineerTo>
<item key="590E1BF7-8887-7E23-4567-A569C41CBBEE" value="true"/>
</engineerTo>
<sourcePk>584B5F8F-1C33-EE58-FF2A-EFD312575068</sourcePk>
<identifying>true</identifying>
<optionalSource>true</optionalSource>
<optionalTarget>false</optionalTarget>
<sourceCardinality>1</sourceCardinality>
<sourceEntity>07027711-FFB1-8B52-DBA3-4588E4809AC8</sourceEntity>
<targetCardinalityString>*</targetCardinalityString>
<targetEntity>8D03BFB9-FF16-9ABD-23F5-13B97728D7FB</targetEntity>
<transferable>true</transferable>
<deleteRule>NO ACTION</deleteRule>
</Relation>