<?xml version = '1.0' encoding = 'UTF-8'?>
<Relation class="oracle.dbtools.crest.model.design.logical.Relation" name="Game_GamePublisher_fk" directorySegmentName="seg_0" id="EE1CC44C-BF06-1574-E355-0DCA3C9E8600">
<createdBy>pasha</createdBy>
<createdTime>2020-05-10 11:41:53 UTC</createdTime>
<ownerDesignName>ddl-lab-mode_1l</ownerDesignName>
<engineerTo>
<item key="590E1BF7-8887-7E23-4567-A569C41CBBEE" value="true"/>
</engineerTo>
<sourcePk>F3257110-C272-BBD5-0491-CD0627ACA755</sourcePk>
<identifying>true</identifying>
<optionalSource>false</optionalSource>
<optionalTarget>false</optionalTarget>
<sourceCardinality>1</sourceCardinality>
<sourceEntity>362E5BD8-5C2C-9354-6BA0-3421F1C42DFF</sourceEntity>
<targetCardinalityString>*</targetCardinalityString>
<targetEntity>FA2A4AB4-542C-1E40-277E-C3D3F871118C</targetEntity>
<transferable>true</transferable>
<deleteRule>NO ACTION</deleteRule>
</Relation>