<?xml version = '1.0' encoding = 'UTF-8'?>
<Relation class="oracle.dbtools.crest.model.design.logical.Relation" name="Relation_17" directorySegmentName="seg_0" id="FE28DAA0-0358-D41C-C493-287E09452AE8">
<createdBy>pasha</createdBy>
<createdTime>2020-05-12 15:13:15 UTC</createdTime>
<ownerDesignName>ddl-lab-mode_1l</ownerDesignName>
<engineerTo>
<item key="590E1BF7-8887-7E23-4567-A569C41CBBEE" value="true"/>
</engineerTo>
<sourcePk>7FD0C11F-7BC9-97E5-8B48-14030CD6EE9D</sourcePk>
<identifying>true</identifying>
<optionalSource>true</optionalSource>
<optionalTarget>false</optionalTarget>
<sourceCardinality>1</sourceCardinality>
<sourceEntity>0B24481F-D63C-8911-5C87-61B2D1A98133</sourceEntity>
<targetCardinalityString>*</targetCardinalityString>
<targetEntity>39E85B19-5414-F512-E85F-C7CFAF8AC101</targetEntity>
<transferable>true</transferable>
<deleteRule>NO ACTION</deleteRule>
</Relation>