<?xml version = '1.0' encoding = 'UTF-8'?>
<RMExtendedMap class="oracle.dbtools.crest.model.xtdmapping.RMExtendedMap">
<mappings itemClass="oracle.dbtools.crest.model.xtdmapping.ContainerMapping">
<CM id="07027711-4588E4809AC8AEB842CD-B53C71B30856" lID="07027711-FFB1-8B52-DBA3-4588E4809AC8" lT="0" rID="AEB842CD-EA3B-15A9-706A-B53C71B30856" rT="4">
<containedMappings itemClass="oracle.dbtools.crest.model.xtdmapping.RelMapping">
<Mg id="584B5F8F-EFD3125750682FF96FE5-420D04BB43CD" lID="584B5F8F-1C33-EE58-FF2A-EFD312575068" lT="2" rID="2FF96FE5-281E-FF21-6416-420D04BB43CD" rT="7">
</Mg>
<Mg id="B5793E86-C589F248E88F4F9A07F5-E683480124CA" lID="B5793E86-0C2E-5ADA-BB9A-C589F248E88F" rID="4F9A07F5-C058-4B2E-AA40-E683480124CA">
</Mg>
</containedMappings>
</CM>
<CM id="1D099EAF-9C0DCA3FB7A3D61A1E6D-F0EE801BD145" lID="1D099EAF-C86C-EA79-04DD-9C0DCA3FB7A3" lT="0" rID="D61A1E6D-0A83-46E4-0175-F0EE801BD145" rT="4">
<containedMappings itemClass="oracle.dbtools.crest.model.xtdmapping.RelMapping">
<Mg id="3BCB1648-EA4EB9FAA4DE82BA14C0-BCC63F8EEBC4" lID="3BCB1648-3250-DDB8-3634-EA4EB9FAA4DE" rID="82BA14C0-38DE-CEE9-66C1-BCC63F8EEBC4">
</Mg>
<Mg id="ADA86A09-98920F16237E1E4F3A36-60FEA484978C" lID="ADA86A09-5BFA-F612-400B-98920F16237E" lT="2" rID="1E4F3A36-5293-96AC-2622-60FEA484978C" rT="7">
</Mg>
</containedMappings>
</CM>
<CM id="2E574D1C-1BCF1B99F303A6422C04-CBA50637FA02" lID="2E574D1C-1833-FFC1-97B6-1BCF1B99F303" lT="0" rID="A6422C04-61CA-5FAA-2291-CBA50637FA02" rT="4">
<containedMappings itemClass="oracle.dbtools.crest.model.xtdmapping.RelMapping">
<Mg id="283F8A03-62D22BF592BAA21FB944-B376D82616B6" lID="283F8A03-4ADE-B379-9BD3-62D22BF592BA" lT="2" rID="A21FB944-FA47-5D53-344E-B376D82616B6" rT="7">
</Mg>
<Mg id="4C9D65EA-F398A9284B3B0BE21049-958CE239A277" lID="4C9D65EA-75D8-C22D-BFAE-F398A9284B3B" rID="0BE21049-7A66-FF2F-15DF-958CE239A277">
</Mg>
</containedMappings>
</CM>
<CM id="362E5BD8-3421F1C42DFF505FA95C-BC08FFCB4196" lID="362E5BD8-5C2C-9354-6BA0-3421F1C42DFF" lT="0" rID="505FA95C-1AC0-29EE-9276-BC08FFCB4196" rT="4">
<containedMappings itemClass="oracle.dbtools.crest.model.xtdmapping.RelMapping">
<Mg id="6B854478-7F807B84D4DEF8E84BD8-2C2CC4BC4EE6" lID="6B854478-05AE-563B-D3D2-7F807B84D4DE" rID="F8E84BD8-0CE3-B3CC-3C0A-2C2CC4BC4EE6">
</Mg>
<Mg id="F3257110-CD0627ACA75527600C0B-ECAE404A83A4" lID="F3257110-C272-BBD5-0491-CD0627ACA755" lT="2" rID="27600C0B-DF74-1B00-CA9B-ECAE404A83A4" rT="7">
</Mg>
</containedMappings>
</CM>
<CM id="8D03BFB9-13B97728D7FB7123AE7E-A214DEC244BA" lID="8D03BFB9-FF16-9ABD-23F5-13B97728D7FB" lT="0" rID="7123AE7E-4217-F27B-B15E-A214DEC244BA" rT="4">
<containedMappings itemClass="oracle.dbtools.crest.model.xtdmapping.RelMapping">
<Mg id="46FB45AF-1F0ADA5489FB4F408932-2D078689186E" lID="46FB45AF-AF1C-F406-1A80-1F0ADA5489FB" rID="4F408932-1646-F2E6-201A-2D078689186E">
</Mg>
<Mg id="5748282F-1B6CAA1B5922F6017794-619575AEA520" lID="5748282F-E662-6D2A-9D6B-1B6CAA1B5922" rID="F6017794-AEAF-934F-310E-619575AEA520">
</Mg>
<Mg id="B5FA0640-007AD7C1436B617FED58-58ED87E02A59" lID="B5FA0640-AEB8-0055-4BE0-007AD7C1436B" lT="2" rID="617FED58-690D-11C9-5073-58ED87E02A59" rT="7">
</Mg>
</containedMappings>
</CM>
<CM id="30E09EB3-A01C0B30A28595C8BEB1-8D6D2EC7AF0D" lID="30E09EB3-5133-A5E2-AEF4-A01C0B30A285" lT="3" rID="95C8BEB1-7D80-1318-15E9-8D6D2EC7AF0D" rT="8" rSEnt="362E5BD8-5C2C-9354-6BA0-3421F1C42DFF" rTEnt="8D03BFB9-FF16-9ABD-23F5-13B97728D7FB">
</CM>
<CM id="D8FDEC0C-EF2D7F9797074AF0D40B-275F0EDB455D" lID="D8FDEC0C-C59C-2901-F126-EF2D7F979707" lT="3" rID="4AF0D40B-81CD-2CBD-7A04-275F0EDB455D" rT="8" rSEnt="07027711-FFB1-8B52-DBA3-4588E4809AC8" rTEnt="8D03BFB9-FF16-9ABD-23F5-13B97728D7FB">
</CM>
</mappings>
</RMExtendedMap>