<?xml version = '1.0' encoding = 'UTF-8'?>
<Table class="oracle.dbtools.crest.model.design.relational.Table" directorySegmentName="seg_0" id="111D6115-44CD-1C28-7FA2-FC56A5CA100F" name="GameSales">
<createdBy>pasha</createdBy>
<createdTime>2020-05-03 08:33:12 UTC</createdTime>
<generatorID>DABF1A6E-5612-C55A-20E3-42C8C0B72638</generatorID>
<ownerDesignName>ddl-lab-mode_1l</ownerDesignName>
<allowColumnReorder>false</allowColumnReorder>
<existDependencyGenerateInDDl>true</existDependencyGenerateInDDl>
<parsed>true</parsed>
<columns itemClass="oracle.dbtools.crest.model.design.relational.Column">
<Column name="game_name" id="DF89D07F-8B6E-8545-86C8-D8E37039BF7E">
<createdBy>pasha</createdBy>
<createdTime>2020-05-03 08:33:12 UTC</createdTime>
<generatorID>179FED7B-927B-B6F0-C64F-91DAE2EBFEDB</generatorID>
<ownerDesignName>ddl-lab-mode_1l</ownerDesignName>
<useDomainConstraints>false</useDomainConstraints>
<use>1</use>
<logicalDatatype>LOGDT024</logicalDatatype>
<dataTypeSize>150</dataTypeSize>
<ownDataTypeParameters>150,,</ownDataTypeParameters>
<previousColumn>false</previousColumn>
<autoIncrementCycle>false</autoIncrementCycle>
</Column>
<Column name="platform" id="1B90A402-3865-838F-8A3F-C1D1ADDA2CF0">
<createdBy>pasha</createdBy>
<createdTime>2020-05-03 08:33:12 UTC</createdTime>
<generatorID>CB1F4AF0-7E30-1234-09A3-9EC2D1B262D8</generatorID>
<ownerDesignName>ddl-lab-mode_1l</ownerDesignName>
<useDomainConstraints>false</useDomainConstraints>
<use>1</use>
<logicalDatatype>LOGDT024</logicalDatatype>
<dataTypeSize>50</dataTypeSize>
<ownDataTypeParameters>50,,</ownDataTypeParameters>
<previousColumn>false</previousColumn>
<autoIncrementCycle>false</autoIncrementCycle>
</Column>
<Column name="publisher" id="EC465F47-2DC4-E9FA-4C1D-BA0ACEB8572B">
<createdBy>pasha</createdBy>
<createdTime>2020-05-03 08:33:12 UTC</createdTime>
<generatorID>95C3F723-CACD-6047-F529-8CA0F2378FA5</generatorID>
<ownerDesignName>ddl-lab-mode_1l</ownerDesignName>
<useDomainConstraints>false</useDomainConstraints>
<use>1</use>
<logicalDatatype>LOGDT024</logicalDatatype>
<dataTypeSize>75</dataTypeSize>
<ownDataTypeParameters>75,,</ownDataTypeParameters>
<previousColumn>false</previousColumn>
<autoIncrementCycle>false</autoIncrementCycle>
</Column>
<Column name="region" id="B55362AE-6956-8332-21EE-178BA8283855">
<createdBy>pasha</createdBy>
<createdTime>2020-05-03 08:33:12 UTC</createdTime>
<generatorID>F675E553-B6C9-B6CB-396D-4BB03BC7FB63</generatorID>
<ownerDesignName>ddl-lab-mode_1l</ownerDesignName>
<useDomainConstraints>false</useDomainConstraints>
<use>1</use>
<logicalDatatype>LOGDT024</logicalDatatype>
<dataTypeSize>5</dataTypeSize>
<ownDataTypeParameters>5,,</ownDataTypeParameters>
<previousColumn>false</previousColumn>
<autoIncrementCycle>false</autoIncrementCycle>
</Column>
<Column name="region_sales" id="4B5D8B88-C9C4-9312-5CAE-579271E632E3">
<createdBy>pasha</createdBy>
<createdTime>2020-05-03 08:33:12 UTC</createdTime>
<generatorID>E94BA65B-68B1-E85F-9341-6DFDEFF583FD</generatorID>
<ownerDesignName>ddl-lab-mode_1l</ownerDesignName>
<nullsAllowed>true</nullsAllowed>
<useDomainConstraints>false</useDomainConstraints>
<use>1</use>
<logicalDatatype>LOGDT026</logicalDatatype>
<dataTypePrecision>2</dataTypePrecision>
<dataTypeScale>5</dataTypeScale>
<ownDataTypeParameters>,2,5</ownDataTypeParameters>
<autoIncrementCycle>false</autoIncrementCycle>
</Column>
</columns>
<indexes itemClass="oracle.dbtools.crest.model.design.relational.Index">
<ind_PK_UK id="03EECA27-2BA7-C373-0FA7-ADF37CEDEAD2" name="GameSales_PK">
<createdBy>pasha</createdBy>
<createdTime>2020-05-03 08:33:12 UTC</createdTime>
<generatorID>1C1EF8F1-EDBF-6CB3-9CEC-E5B79737D68D</generatorID>
<ownerDesignName>ddl-lab-mode_1l</ownerDesignName>
<pk>true</pk>
<indexState>Primary Constraint</indexState>
<isSurrogateKey>false</isSurrogateKey>
<indexColumnUsage>
<colUsage columnID="B55362AE-6956-8332-21EE-178BA8283855"/>
<colUsage columnID="1B90A402-3865-838F-8A3F-C1D1ADDA2CF0"/>
<colUsage columnID="DF89D07F-8B6E-8545-86C8-D8E37039BF7E"/>
<colUsage columnID="EC465F47-2DC4-E9FA-4C1D-BA0ACEB8572B"/>
</indexColumnUsage>
</ind_PK_UK>
</indexes>
</Table>