<?xml version = '1.0' encoding = 'UTF-8'?>
<Table class="oracle.dbtools.crest.model.design.relational.Table" directorySegmentName="seg_0" id="505FA95C-1AC0-29EE-9276-BC08FFCB4196" name="Game">
<createdBy>pasha</createdBy>
<createdTime>2020-05-03 08:33:12 UTC</createdTime>
<generatorID>362E5BD8-5C2C-9354-6BA0-3421F1C42DFF</generatorID>
<ownerDesignName>ddl-lab-mode_1l</ownerDesignName>
<allowColumnReorder>false</allowColumnReorder>
<existDependencyGenerateInDDl>true</existDependencyGenerateInDDl>
<parsed>true</parsed>
<columns itemClass="oracle.dbtools.crest.model.design.relational.Column">
<Column name="game_name" id="F8E84BD8-0CE3-B3CC-3C0A-2C2CC4BC4EE6">
<createdBy>pasha</createdBy>
<createdTime>2020-05-03 08:33:12 UTC</createdTime>
<generatorID>6B854478-05AE-563B-D3D2-7F807B84D4DE</generatorID>
<ownerDesignName>ddl-lab-mode_1l</ownerDesignName>
<useDomainConstraints>false</useDomainConstraints>
<use>1</use>
<logicalDatatype>LOGDT024</logicalDatatype>
<dataTypeSize>150</dataTypeSize>
<ownDataTypeParameters>150,,</ownDataTypeParameters>
<autoIncrementCycle>false</autoIncrementCycle>
</Column>
</columns>
<indexes itemClass="oracle.dbtools.crest.model.design.relational.Index">
<ind_PK_UK id="27600C0B-DF74-1B00-CA9B-ECAE404A83A4" name="Game_PK">
<createdBy>pasha</createdBy>
<createdTime>2020-05-03 08:33:12 UTC</createdTime>
<generatorID>F3257110-C272-BBD5-0491-CD0627ACA755</generatorID>
<ownerDesignName>ddl-lab-mode_1l</ownerDesignName>
<pk>true</pk>
<indexState>Primary Constraint</indexState>
<isSurrogateKey>false</isSurrogateKey>
<indexColumnUsage>
<colUsage columnID="F8E84BD8-0CE3-B3CC-3C0A-2C2CC4BC4EE6"/>
</indexColumnUsage>
</ind_PK_UK>
</indexes>
</Table>