<?xml version = '1.0' encoding = 'UTF-8'?>
<Table class="oracle.dbtools.crest.model.design.relational.Table" directorySegmentName="seg_0" id="7123AE7E-4217-F27B-B15E-A214DEC244BA" name="GameGenre">
<createdBy>pasha</createdBy>
<createdTime>2020-05-03 08:33:12 UTC</createdTime>
<generatorID>8D03BFB9-FF16-9ABD-23F5-13B97728D7FB</generatorID>
<ownerDesignName>ddl-lab-mode_1l</ownerDesignName>
<allowColumnReorder>false</allowColumnReorder>
<existDependencyGenerateInDDl>true</existDependencyGenerateInDDl>
<parsed>true</parsed>
<columns itemClass="oracle.dbtools.crest.model.design.relational.Column">
<Column name="game_name" id="4F408932-1646-F2E6-201A-2D078689186E">
<createdBy>pasha</createdBy>
<createdTime>2020-05-03 08:33:12 UTC</createdTime>
<generatorID>46FB45AF-AF1C-F406-1A80-1F0ADA5489FB</generatorID>
<ownerDesignName>ddl-lab-mode_1l</ownerDesignName>
<useDomainConstraints>false</useDomainConstraints>
<use>1</use>
<logicalDatatype>LOGDT024</logicalDatatype>
<dataTypeSize>150</dataTypeSize>
<ownDataTypeParameters>150,,</ownDataTypeParameters>
<previousColumn>false</previousColumn>
<autoIncrementCycle>false</autoIncrementCycle>
<associations>
<colAssociation fkAssociation="95C8BEB1-7D80-1318-15E9-8D6D2EC7AF0D" referredColumn="F8E84BD8-0CE3-B3CC-3C0A-2C2CC4BC4EE6"/>
</associations>
</Column>
<Column name="genre" id="F6017794-AEAF-934F-310E-619575AEA520">
<createdBy>pasha</createdBy>
<createdTime>2020-05-03 08:33:12 UTC</createdTime>
<generatorID>5748282F-E662-6D2A-9D6B-1B6CAA1B5922</generatorID>
<ownerDesignName>ddl-lab-mode_1l</ownerDesignName>
<useDomainConstraints>false</useDomainConstraints>
<use>1</use>
<logicalDatatype>LOGDT024</logicalDatatype>
<dataTypeSize>50</dataTypeSize>
<ownDataTypeParameters>50,,</ownDataTypeParameters>
<previousColumn>false</previousColumn>
<autoIncrementCycle>false</autoIncrementCycle>
<associations>
<colAssociation fkAssociation="4AF0D40B-81CD-2CBD-7A04-275F0EDB455D" referredColumn="4F9A07F5-C058-4B2E-AA40-E683480124CA"/>
</associations>
</Column>
</columns>
<indexes itemClass="oracle.dbtools.crest.model.design.relational.Index">
<ind_PK_UK id="617FED58-690D-11C9-5073-58ED87E02A59" name="GameGenre_PK">
<createdBy>pasha</createdBy>
<createdTime>2020-05-03 08:33:12 UTC</createdTime>
<generatorID>B5FA0640-AEB8-0055-4BE0-007AD7C1436B</generatorID>
<ownerDesignName>ddl-lab-mode_1l</ownerDesignName>
<pk>true</pk>
<indexState>Primary Constraint</indexState>
<isSurrogateKey>false</isSurrogateKey>
<indexColumnUsage>
<colUsage columnID="4F408932-1646-F2E6-201A-2D078689186E"/>
<colUsage columnID="F6017794-AEAF-934F-310E-619575AEA520"/>
</indexColumnUsage>
</ind_PK_UK>
<ind_PK_UK id="3B6A1785-20F0-8050-ACC5-2F7627641F7C" name="GameGenre_Game_FK">
<createdBy>pasha</createdBy>
<createdTime>2020-05-03 08:33:12 UTC</createdTime>
<generatorID>30E09EB3-5133-A5E2-AEF4-A01C0B30A285</generatorID>
<ownerDesignName>ddl-lab-mode_1l</ownerDesignName>
<indexState>Foreign Key</indexState>
<isSurrogateKey>false</isSurrogateKey>
<indexColumnUsage>
<colUsage columnID="4F408932-1646-F2E6-201A-2D078689186E"/>
</indexColumnUsage>
</ind_PK_UK>
<ind_PK_UK id="312A735A-84E0-BACE-4786-069AF6959E6F" name="GameGenre_Genre_FK">
<createdBy>pasha</createdBy>
<createdTime>2020-05-03 08:33:12 UTC</createdTime>
<generatorID>D8FDEC0C-C59C-2901-F126-EF2D7F979707</generatorID>
<ownerDesignName>ddl-lab-mode_1l</ownerDesignName>
<indexState>Foreign Key</indexState>
<isSurrogateKey>false</isSurrogateKey>
<indexColumnUsage>
<colUsage columnID="F6017794-AEAF-934F-310E-619575AEA520"/>
</indexColumnUsage>
</ind_PK_UK>
</indexes>
</Table>