<?xml version = '1.0' encoding = 'UTF-8'?>
<Table class="oracle.dbtools.crest.model.design.relational.Table" directorySegmentName="seg_0" id="AEB842CD-EA3B-15A9-706A-B53C71B30856" name="Genre">
<createdBy>pasha</createdBy>
<createdTime>2020-05-03 08:33:12 UTC</createdTime>
<generatorID>07027711-FFB1-8B52-DBA3-4588E4809AC8</generatorID>
<ownerDesignName>ddl-lab-mode_1l</ownerDesignName>
<allowColumnReorder>false</allowColumnReorder>
<existDependencyGenerateInDDl>true</existDependencyGenerateInDDl>
<parsed>true</parsed>
<columns itemClass="oracle.dbtools.crest.model.design.relational.Column">
<Column name="genre" id="4F9A07F5-C058-4B2E-AA40-E683480124CA">
<createdBy>pasha</createdBy>
<createdTime>2020-05-03 08:33:12 UTC</createdTime>
<generatorID>B5793E86-0C2E-5ADA-BB9A-C589F248E88F</generatorID>
<ownerDesignName>ddl-lab-mode_1l</ownerDesignName>
<useDomainConstraints>false</useDomainConstraints>
<use>1</use>
<logicalDatatype>LOGDT024</logicalDatatype>
<dataTypeSize>50</dataTypeSize>
<ownDataTypeParameters>50,,</ownDataTypeParameters>
<autoIncrementCycle>false</autoIncrementCycle>
</Column>
</columns>
<indexes itemClass="oracle.dbtools.crest.model.design.relational.Index">
<ind_PK_UK id="2FF96FE5-281E-FF21-6416-420D04BB43CD" name="Genre_PK">
<createdBy>pasha</createdBy>
<createdTime>2020-05-03 08:33:12 UTC</createdTime>
<generatorID>584B5F8F-1C33-EE58-FF2A-EFD312575068</generatorID>
<ownerDesignName>ddl-lab-mode_1l</ownerDesignName>
<pk>true</pk>
<indexState>Primary Constraint</indexState>
<isSurrogateKey>false</isSurrogateKey>
<indexColumnUsage>
<colUsage columnID="4F9A07F5-C058-4B2E-AA40-E683480124CA"/>
</indexColumnUsage>
</ind_PK_UK>
</indexes>
</Table>