<?xml version = '1.0' encoding = 'UTF-8'?>
<Table class="oracle.dbtools.crest.model.design.relational.Table" directorySegmentName="seg_0" id="C5939977-2137-26CA-9C6E-CB8A600F6B30" name="GameYear">
<createdBy>pasha</createdBy>
<createdTime>2020-05-03 08:33:12 UTC</createdTime>
<generatorID>E33F5599-8965-E616-1BE0-BD3F309AC7E0</generatorID>
<ownerDesignName>ddl-lab-mode_1l</ownerDesignName>
<allowColumnReorder>false</allowColumnReorder>
<existDependencyGenerateInDDl>true</existDependencyGenerateInDDl>
<parsed>true</parsed>
<columns itemClass="oracle.dbtools.crest.model.design.relational.Column">
<Column name="game_name" id="F60ADF6F-31C3-7093-0417-BDC6C8CD2B10">
<createdBy>pasha</createdBy>
<createdTime>2020-05-03 08:33:12 UTC</createdTime>
<generatorID>38540EB5-8AAD-14EB-0AEF-70A705A3E536</generatorID>
<ownerDesignName>ddl-lab-mode_1l</ownerDesignName>
<useDomainConstraints>false</useDomainConstraints>
<use>1</use>
<logicalDatatype>LOGDT024</logicalDatatype>
<dataTypeSize>150</dataTypeSize>
<ownDataTypeParameters>150,,</ownDataTypeParameters>
<previousColumn>false</previousColumn>
<autoIncrementCycle>false</autoIncrementCycle>
</Column>
<Column name="platform" id="C6CBF40A-C32B-51A2-963F-AD0A6B754BAF">
<createdBy>pasha</createdBy>
<createdTime>2020-05-03 08:33:12 UTC</createdTime>
<generatorID>0DA55782-D1FD-E91F-F95A-F1C469E05BEE</generatorID>
<ownerDesignName>ddl-lab-mode_1l</ownerDesignName>
<useDomainConstraints>false</useDomainConstraints>
<use>1</use>
<logicalDatatype>LOGDT024</logicalDatatype>
<dataTypeSize>50</dataTypeSize>
<ownDataTypeParameters>50,,</ownDataTypeParameters>
<previousColumn>false</previousColumn>
<autoIncrementCycle>false</autoIncrementCycle>
</Column>
<Column name="publisher" id="86633455-4EFE-45BC-79C1-AEE6AF1C76FC">
<createdBy>pasha</createdBy>
<createdTime>2020-05-03 08:33:12 UTC</createdTime>
<generatorID>21B34496-0FB1-5905-2912-A457085FD24C</generatorID>
<ownerDesignName>ddl-lab-mode_1l</ownerDesignName>
<useDomainConstraints>false</useDomainConstraints>
<use>1</use>
<logicalDatatype>LOGDT024</logicalDatatype>
<dataTypeSize>75</dataTypeSize>
<ownDataTypeParameters>75,,</ownDataTypeParameters>
<previousColumn>false</previousColumn>
<autoIncrementCycle>false</autoIncrementCycle>
</Column>
<Column name="year_of_release" id="4E3C7826-8795-F856-337D-2DC8BF2C1F98">
<createdBy>pasha</createdBy>
<createdTime>2020-05-03 08:33:12 UTC</createdTime>
<generatorID>6F896FC0-11E8-0501-C2FD-754B447D532B</generatorID>
<ownerDesignName>ddl-lab-mode_1l</ownerDesignName>
<nullsAllowed>true</nullsAllowed>
<useDomainConstraints>false</useDomainConstraints>
<use>1</use>
<logicalDatatype>LOGDT011</logicalDatatype>
<ownDataTypeParameters>,,</ownDataTypeParameters>
<autoIncrementCycle>false</autoIncrementCycle>
</Column>
</columns>
<indexes itemClass="oracle.dbtools.crest.model.design.relational.Index">
<ind_PK_UK id="0D6A13F9-8227-E06C-D3B3-77F03295B22E" name="GameYear_PK">
<createdBy>pasha</createdBy>
<createdTime>2020-05-03 08:33:12 UTC</createdTime>
<generatorID>3F25A9C9-8C2E-BF97-5324-B6D76905CECD</generatorID>
<ownerDesignName>ddl-lab-mode_1l</ownerDesignName>
<pk>true</pk>
<indexState>Primary Constraint</indexState>
<isSurrogateKey>false</isSurrogateKey>
<indexColumnUsage>
<colUsage columnID="C6CBF40A-C32B-51A2-963F-AD0A6B754BAF"/>
<colUsage columnID="F60ADF6F-31C3-7093-0417-BDC6C8CD2B10"/>
<colUsage columnID="86633455-4EFE-45BC-79C1-AEE6AF1C76FC"/>
</indexColumnUsage>
</ind_PK_UK>
</indexes>
</Table>