<?xml version = '1.0' encoding = 'UTF-8'?>
<Table class="oracle.dbtools.crest.model.design.relational.Table" directorySegmentName="seg_0" id="D61A1E6D-0A83-46E4-0175-F0EE801BD145" name="Publisher">
<createdBy>pasha</createdBy>
<createdTime>2020-05-03 08:33:12 UTC</createdTime>
<generatorID>1D099EAF-C86C-EA79-04DD-9C0DCA3FB7A3</generatorID>
<ownerDesignName>ddl-lab-mode_1l</ownerDesignName>
<allowColumnReorder>false</allowColumnReorder>
<existDependencyGenerateInDDl>true</existDependencyGenerateInDDl>
<parsed>true</parsed>
<columns itemClass="oracle.dbtools.crest.model.design.relational.Column">
<Column name="publisher" id="82BA14C0-38DE-CEE9-66C1-BCC63F8EEBC4">
<createdBy>pasha</createdBy>
<createdTime>2020-05-03 08:33:12 UTC</createdTime>
<generatorID>3BCB1648-3250-DDB8-3634-EA4EB9FAA4DE</generatorID>
<ownerDesignName>ddl-lab-mode_1l</ownerDesignName>
<useDomainConstraints>false</useDomainConstraints>
<use>1</use>
<logicalDatatype>LOGDT024</logicalDatatype>
<dataTypeSize>75</dataTypeSize>
<ownDataTypeParameters>75,,</ownDataTypeParameters>
<autoIncrementCycle>false</autoIncrementCycle>
</Column>
</columns>
<indexes itemClass="oracle.dbtools.crest.model.design.relational.Index">
<ind_PK_UK id="1E4F3A36-5293-96AC-2622-60FEA484978C" name="Publisher_PK">
<createdBy>pasha</createdBy>
<createdTime>2020-05-03 08:33:12 UTC</createdTime>
<generatorID>ADA86A09-5BFA-F612-400B-98920F16237E</generatorID>
<ownerDesignName>ddl-lab-mode_1l</ownerDesignName>
<pk>true</pk>
<indexState>Primary Constraint</indexState>
<isSurrogateKey>false</isSurrogateKey>
<indexColumnUsage>
<colUsage columnID="82BA14C0-38DE-CEE9-66C1-BCC63F8EEBC4"/>
</indexColumnUsage>
</ind_PK_UK>
</indexes>
</Table>