<?xml version = '1.0' encoding = 'UTF-8'?>
<Diagram class="oracle.dbtools.crest.swingui.relational.DPVRelational" name="Relational_1" id="774AE385-30D5-E704-875E-8756427397E5">
<createdBy>pasha</createdBy>
<modifiedBy>pasha</modifiedBy>
<createdTime>2020-05-03 08:33:06 UTC</createdTime>
<autoRoute>false</autoRoute>
<boxInbox>true</boxInbox>
<showLegend>false</showLegend>
<showLabels>false</showLabels>
<showRelAttributes>false</showRelAttributes>
<gridEnabled>false</gridEnabled>
<showGrid>false</showGrid>
<diagramColor>-1</diagramColor>
<display>false</display>
<notation>1</notation>
<objectViews>
<OView class="oracle.dbtools.crest.swingui.relational.TVTable" oid="111D6115-44CD-1C28-7FA2-FC56A5CA100F" otype="Table" vid="ACB168E4-7658-465E-E224-4CB4B21FDFF7">
<hideElementsInCurrentOnly>false</hideElementsInCurrentOnly>
<bounds x="307" y="418" width="375" height="150"/>
</OView>
<OView class="oracle.dbtools.crest.swingui.relational.TVTable" oid="505FA95C-1AC0-29EE-9276-BC08FFCB4196" otype="Table" vid="C3D9ACF1-DCF3-08B9-2ADC-D5163235878A">
<hideElementsInCurrentOnly>false</hideElementsInCurrentOnly>
<bounds x="392" y="96" width="195" height="65"/>
</OView>
<OView class="oracle.dbtools.crest.swingui.relational.TVTable" oid="7123AE7E-4217-F27B-B15E-A214DEC244BA" otype="Table" vid="88DABCB6-4B9F-25D1-F24E-1133D0D93E1F">
<hideElementsInCurrentOnly>false</hideElementsInCurrentOnly>
<bounds x="682" y="246" width="214" height="106"/>
</OView>
<OView class="oracle.dbtools.crest.swingui.relational.TVTable" oid="A6422C04-61CA-5FAA-2291-CBA50637FA02" otype="Table" vid="244E48F8-56F0-0608-F0E9-8134A3D23A84">
<hideElementsInCurrentOnly>false</hideElementsInCurrentOnly>
<bounds x="77" y="247" width="166" height="61"/>
</OView>
<OView class="oracle.dbtools.crest.swingui.relational.TVTable" oid="AEB842CD-EA3B-15A9-706A-B53C71B30856" otype="Table" vid="AF21986B-DC31-E6D8-CA2C-26E2698AC1D2">
<hideElementsInCurrentOnly>false</hideElementsInCurrentOnly>
<bounds x="711" y="98" width="155" height="62"/>
</OView>
<OView class="oracle.dbtools.crest.swingui.relational.TVTable" oid="C5939977-2137-26CA-9C6E-CB8A600F6B30" otype="Table" vid="2F00D2A8-0B03-A705-06ED-BE373077873A">
<hideElementsInCurrentOnly>false</hideElementsInCurrentOnly>
<bounds x="718" y="415" width="263" height="121"/>
</OView>
<OView class="oracle.dbtools.crest.swingui.relational.TVTable" oid="D61A1E6D-0A83-46E4-0175-F0EE801BD145" otype="Table" vid="5439E55F-EA50-7817-456B-F371B2750C5C">
<hideElementsInCurrentOnly>false</hideElementsInCurrentOnly>
<bounds x="74" y="337" width="170" height="59"/>
</OView>
</objectViews>
<connectors>
<Connector class="oracle.dbtools.crest.swingui.relational.TVFKRelation" oid="4AF0D40B-81CD-2CBD-7A04-275F0EDB455D" otype="FKIndexAssociation" vid_source="AF21986B-DC31-E6D8-CA2C-26E2698AC1D2" vid_target="88DABCB6-4B9F-25D1-F24E-1133D0D93E1F">
<hideElementsInCurrentOnly>false</hideElementsInCurrentOnly>
<backgroundColor>-16777216</backgroundColor>
<lineWidth>1</lineWidth>
<points>
<point x="788" y="160"/>
<point x="788" y="246"/>
</points>
</Connector>
<Connector class="oracle.dbtools.crest.swingui.relational.TVFKRelation" oid="95C8BEB1-7D80-1318-15E9-8D6D2EC7AF0D" otype="FKIndexAssociation" vid_source="C3D9ACF1-DCF3-08B9-2ADC-D5163235878A" vid_target="88DABCB6-4B9F-25D1-F24E-1133D0D93E1F">
<hideElementsInCurrentOnly>false</hideElementsInCurrentOnly>
<backgroundColor>-16777216</backgroundColor>
<lineWidth>1</lineWidth>
<points>
<point x="546" y="161"/>
<point x="695" y="246"/>
</points>
</Connector>
</connectors>
</Diagram>