<?xml version = '1.0' encoding = 'UTF-8'?>
<FKIndexAssociation class="oracle.dbtools.crest.model.design.relational.FKIndexAssociation" directorySegmentName="seg_0" id="4AF0D40B-81CD-2CBD-7A04-275F0EDB455D" containerWithKeyObject="7123AE7E-4217-F27B-B15E-A214DEC244BA" localFKIndex="312A735A-84E0-BACE-4786-069AF6959E6F" name="GameGenre_Genre_FK">
<createdBy>pasha</createdBy>
<createdTime>2020-05-03 08:33:12 UTC</createdTime>
<generatorID>D8FDEC0C-C59C-2901-F126-EF2D7F979707</generatorID>
<ownerDesignName>ddl-lab-mode_1l</ownerDesignName>
<referredTableLongName>Genre</referredTableLongName>
<deleteRule>NO ACTION</deleteRule>
<referredTableID>AEB842CD-EA3B-15A9-706A-B53C71B30856</referredTableID>
<keyObject>2FF96FE5-281E-FF21-6416-420D04BB43CD</keyObject>
<referredKeyID>2FF96FE5-281E-FF21-6416-420D04BB43CD</referredKeyID>
<mandatory>true</mandatory>
<refColNames>genre</refColNames>
<transferable>true</transferable>
<rely>false</rely>
<columnDependencyConstraintGenerateInDDL>true</columnDependencyConstraintGenerateInDDL>
</FKIndexAssociation>