<?xml version = '1.0' encoding = 'UTF-8'?>
<FKIndexAssociation class="oracle.dbtools.crest.model.design.relational.FKIndexAssociation" directorySegmentName="seg_0" id="95C8BEB1-7D80-1318-15E9-8D6D2EC7AF0D" containerWithKeyObject="7123AE7E-4217-F27B-B15E-A214DEC244BA" localFKIndex="3B6A1785-20F0-8050-ACC5-2F7627641F7C" name="GameGenre_Game_FK">
<createdBy>pasha</createdBy>
<createdTime>2020-05-03 08:33:12 UTC</createdTime>
<generatorID>30E09EB3-5133-A5E2-AEF4-A01C0B30A285</generatorID>
<ownerDesignName>ddl-lab-mode_1l</ownerDesignName>
<referredTableLongName>Game</referredTableLongName>
<deleteRule>NO ACTION</deleteRule>
<referredTableID>505FA95C-1AC0-29EE-9276-BC08FFCB4196</referredTableID>
<keyObject>27600C0B-DF74-1B00-CA9B-ECAE404A83A4</keyObject>
<referredKeyID>27600C0B-DF74-1B00-CA9B-ECAE404A83A4</referredKeyID>
<mandatory>true</mandatory>
<refColNames>game_name</refColNames>
<transferable>true</transferable>
<rely>false</rely>
<columnDependencyConstraintGenerateInDDL>true</columnDependencyConstraintGenerateInDDL>
</FKIndexAssociation>